,ue,Pm,Pmp,P,Po,Y(I),Y(ND),Y(NA),plant_species,plant_genotype,plant_id
0,250,1.0,0.6863352779256435,0.20057183928081518,-0.01008165717086459,0.48576343864482835,0.21065349645167977,0.3136647220743565,rice,test_1_DA.json,0
1,500,1.0,0.8010138859742708,0.34721822980167716,-0.009967105181532095,0.45379565617259365,0.35718533498320926,0.1989861140257292,rice,test_1_DA.json,0
2,1000,1.0,0.9571558419636776,0.6440539264594902,0.0023303204348893674,0.3131019155041874,0.6417236060246009,0.042844158036322355,rice,test_1_DA.json,0
3,1700,1.0,0.950692513758008,0.7992423792168327,0.011879635852368505,0.15145013454117529,0.7873627433644642,0.049307486241991993,rice,test_1_DA.json,0
