,ue,Pm,Pmp,P,Po,Y(I),Y(ND),Y(NA),plant_species,plant_genotype,plant_id
0,250,1.0,0.5078329797167612,0.172401688406224,0.0013553544871647448,0.3354312913105372,0.17104633391905924,0.4921670202832388,rice,4193_4_DA.json,0
1,500,1.0,0.7053900417657873,0.33950989428847583,-0.0002580788714724395,0.3658801474773115,0.3397679731599483,0.29460995823421265,rice,4193_4_DA.json,0
2,1000,1.0,0.9015097403648449,0.5997339347845986,-0.004166460535402575,0.3017758055802463,0.6039003953200012,0.09849025963515512,rice,4193_4_DA.json,0
3,1700,1.0,1.0180494374545348,0.8165152335708882,0.0038791921697976448,0.20153420388364662,0.8126360414010906,-0.0180494374545348,rice,4193_4_DA.json,0
