,ue,Pm,Pmp,P,Po,Y(I),Y(ND),Y(NA),plant_species,plant_genotype,plant_id
0,250,1.0,0.46605841197413067,0.13512280258343778,0.0025269501601543195,0.3309356093906929,0.13259585242328348,0.5339415880258693,rice,HC69_5_DA.json,0
1,500,1.0,0.638018471498282,0.2648112292967518,0.0049583933823259645,0.3732072422015301,0.2598528359144259,0.36198152850171805,rice,HC69_5_DA.json,0
2,1000,1.0,0.8455292641871908,0.5205608706307292,0.0010475409112732253,0.32496839355646157,0.519513329719456,0.15447073581280923,rice,HC69_5_DA.json,0
3,1700,1.0,0.9759582738415227,0.7850822523731658,0.00585374139334046,0.19087602146835692,0.7792285109798253,0.024041726158477328,rice,HC69_5_DA.json,0
