,ue,Pm,Pmp,P,Po,Y(I),Y(ND),Y(NA),plant_species,plant_genotype,plant_id
0,250,1.0,0.4302574761909973,0.13079598100068465,0.0009092865671378799,0.2994614951903126,0.12988669443354678,0.5697425238090027,rice,4193_1_DA.json,0
1,500,1.0,0.5772990070937123,0.2613362864854832,0.0008190346508811048,0.3159627206082291,0.26051725183460206,0.4227009929062877,rice,4193_1_DA.json,0
2,1000,1.0,0.7813250640001442,0.49574039565299843,0.0010012793922893793,0.2855846683471458,0.49473911626070904,0.21867493599985577,rice,4193_1_DA.json,0
3,1700,1.0,0.9041578782373454,0.7228468237494527,0.0007889318207551447,0.18131105448789264,0.7220578919286976,0.09584212176265461,rice,4193_1_DA.json,0
