,ue,Pm,Pmp,P,Po,Y(I),Y(ND),Y(NA),plant_species,plant_genotype,plant_id
0,250,1.0,0.4082091900583579,0.12617613177557097,-0.0011373777496138005,0.2820330582827869,0.12731350952518478,0.5917908099416421,rice,4191_2_DA.json,0
1,500,1.0,0.5428579396635109,0.2190369561466307,-0.0017742523837168795,0.3238209835168802,0.22081120853034758,0.4571420603364891,rice,4191_2_DA.json,0
2,1000,1.0,0.7580166339572928,0.46829852313200726,-0.0014418362882746049,0.28971811082528554,0.46974035942028186,0.2419833660427072,rice,4191_2_DA.json,0
3,1700,1.0,0.8785100262192427,0.6809035011696254,-0.0005545287244853152,0.1976065250496173,0.6814580298941108,0.12148997378075732,rice,4191_2_DA.json,0
