,ue,Pm,Pmp,P,Po,Y(I),Y(ND),Y(NA),plant_species,plant_genotype,plant_id
0,250,1.0,0.4237490561489409,0.1201322413748186,0.0004067578657906648,0.3036168147741223,0.11972548350902792,0.5762509438510591,rice,4193_3_DA.json,0
1,500,1.0,0.5558112822356746,0.24675963929614153,0.0018927741150014,0.309051642939533,0.24486686518114012,0.44418871776432545,rice,4193_3_DA.json,0
2,1000,1.0,0.7007172979447553,0.44469422852297036,0.00390291071782923,0.256023069421785,0.44079131780514114,0.29928270205524465,rice,4193_3_DA.json,0
3,1700,1.0,0.8444579507788065,0.6526039956891622,0.0029200097366959693,0.1918539550896443,0.6496839859524662,0.15554204922119352,rice,4193_3_DA.json,0
