,ue,Pm,Pmp,P,Po,Y(I),Y(ND),Y(NA),plant_species,plant_genotype,plant_id
0,250,1.0,0.5002587469743058,0.13990816519488464,-0.003544867360929059,0.3603505817794212,0.1434530325558137,0.49974125302569417,rice,4191_3_DA.json,0
1,500,1.0,0.6002470298245992,0.21061670169115165,-0.00354470538494351,0.38963032813344756,0.21416140707609516,0.3997529701754008,rice,4191_3_DA.json,0
2,1000,1.0,0.8398156661675874,0.47989109151997167,-0.00232794118012319,0.35992457464761574,0.48221903270009486,0.1601843338324126,rice,4191_3_DA.json,0
3,1700,1.0,0.9820895438577013,0.721592054955524,0.000542238128160765,0.2604974889021773,0.7210498168273632,0.017910456142298692,rice,4191_3_DA.json,0
