,ue,Pm,Pmp,P,Po,Y(I),Y(ND),Y(NA),plant_species,plant_genotype,plant_id
0,250,1.0,0.43931778404867755,0.10971834174907787,-0.0028429772249402197,0.3295994422995997,0.11256131897401808,0.5606822159513225,rice,4191_1_DA.json,0
1,500,1.0,0.570598710645553,0.2287886134280862,-0.002369030483238975,0.3418100972174668,0.23115764391132518,0.429401289354447,rice,4191_1_DA.json,0
2,1000,1.0,0.7582715183535347,0.4475711964929686,-0.001865721106322165,0.31070032186056606,0.4494369175992908,0.24172848164646532,rice,4191_1_DA.json,0
3,1700,1.0,0.8869754271694676,0.6906616241118934,-0.0009752196611757255,0.1963138030575743,0.6916368437730691,0.11302457283053235,rice,4191_1_DA.json,0
