,ue,Pm,Pmp,P,Po,Y(I),Y(ND),Y(NA),plant_species,plant_genotype,plant_id
0,250,1.0,0.47500098963046883,0.1357539110315616,-0.0017976628824843805,0.33924707859890724,0.13755157391404596,0.5249990103695312,rice,4192_1_DA.json,0
1,500,1.0,0.6265353765521224,0.2809870701042719,0.00079706998771031,0.34554830644785056,0.2801900001165616,0.37346462344787756,rice,4192_1_DA.json,0
2,1000,1.0,0.8437638949735764,0.5400910775999891,0.00142600905394189,0.3036728173735873,0.5386650685460472,0.1562361050264236,rice,4192_1_DA.json,0
3,1700,1.0,0.9399380501287633,0.7349668400681406,-0.00471709566868578,0.2049712100606227,0.7396839357368264,0.0600619498712367,rice,4192_1_DA.json,0
