,ue,Pm,Pmp,P,Po,Y(I),Y(ND),Y(NA),plant_species,plant_genotype,plant_id
0,250,1.0,0.6030372631342671,0.17325431847342984,-0.008708553745550572,0.4297829446608372,0.18196287221898041,0.3969627368657329,rice,test_1_DA.json,0
1,500,1.0,0.6987067078569547,0.29992773652345117,-0.008609603529444768,0.3987789713335035,0.30853734005289596,0.30129329214304534,rice,test_1_DA.json,0
2,1000,1.0,0.8403735696702012,0.5563349495571418,0.0020129350172942337,0.28403862011305936,0.5543220145398475,0.15962643032979884,rice,test_1_DA.json,0
3,1700,1.0,0.8220594166582671,0.6903870164566009,0.0102616509909599,0.13167240020166615,0.6801253654656411,0.1779405833417329,rice,test_1_DA.json,0
