,ue,Pm,Pmp,P,Po,Y(I),Y(ND),Y(NA),plant_species,plant_genotype,plant_id
0,250,1.0,0.4682127511717453,0.12458551182772423,0.0012686053207640804,0.34362723934402106,0.12331690650696016,0.5317872488282547,rice,HC69_3_DA.json,0
1,500,1.0,0.6006771324866959,0.22027530463976983,0.00333487566476494,0.380401827846926,0.21694042897500487,0.39932286751330415,rice,HC69_3_DA.json,0
2,1000,1.0,0.714602189416176,0.42790196029882616,0.004299891672161415,0.2867002291173499,0.4236020686266647,0.28539781058382396,rice,HC69_3_DA.json,0
3,1700,1.0,0.8664176182941516,0.6598014068680517,0.0025366958411159202,0.20661621142609998,0.6572647110269357,0.13358238170584835,rice,HC69_3_DA.json,0
